{
  "label": {
    "name": "high_volatility",
    "definition": "1 if future_volatility_7d >= global 0.80 quantile",
    "threshold": 0.08064962901617806
  },
  "best_params": {
    "model__l2_regularization": 0.001235935833005574,
    "model__learning_rate": 0.013339162948869679,
    "model__max_bins": 224,
    "model__max_depth": 4,
    "model__max_leaf_nodes": 118,
    "model__min_samples_leaf": 138
  },
  "cv_accuracy": 0.5803925966010957,
  "accuracy": 0.7599917309812569,
  "balanced_accuracy": 0.5077727190505297,
  "precision": 0.5441176470588235,
  "recall": 0.02117310443490701,
  "f1": 0.04076012117873864,
  "confusion_matrix": [
    [
      10955,
      62
    ],
    [
      3421,
      74
    ]
  ],
  "support": {
    "n": 14512,
    "positive_rate": 0.24083517089305403
  },
  "baseline_accuracy_majority": 0.7591648291069459
}